h_mean,h_std,s_mean,s_std,v_mean,v_std,r_mean,g_mean,b_mean,exg_mean,gli_mean,solidity,aspect_ratio,extent,compactness,label,filename
33.67702291870418,11.249384552184772,119.60120090067551,42.95927965400162,136.96446830072048,52.207527983336284,125.04818007444977,127.58049345089626,73.42701217832567,56.68579464901707,0.1223840148933747,0.9992273218976975,0.7638888888888888,0.9960252525252525,0.7576045537491294,Healthy,healthy_001.PNG
73.3154455270672,37.89381098471846,54.16048492341507,24.77408164626227,164.98018898472228,50.37489082155832,142.07935199631058,160.90737688028022,142.51590081736384,37.21950094688607,0.05548396732801899,0.7932202591930767,0.7234375,0.6823602861771059,0.2042675361500879,Healthy,healthy_002.JPG
33.73752500072466,15.527926919676055,88.40829806661063,46.783081853555615,142.1485296675266,37.751072999024544,131.11513377199338,138.5710709006058,96.19308530682049,49.83392272239775,0.11348490802038248,0.9101499492203835,0.75,0.89267578125,0.2484698595040595,Healthy,healthy_003.JPG
33.73752500072466,15.527926919676055,88.40829806661063,46.783081853555615,142.1485296675266,37.751072999024544,131.11513377199338,138.5710709006058,96.19308530682049,49.83392272239775,0.11348490802038248,0.9101499492203835,0.75,0.89267578125,0.2484698595040595,Healthy,healthy_004.JPG
49.119239044988454,8.59925736241353,150.78095588208302,40.579109115464625,141.84373425099915,53.202212161259006,91.20719746054654,141.59232290453397,62.23980434922834,129.73764399929308,0.32523164658741976,0.9930036026478184,0.75,0.9915559895833334,0.6069253460900224,Healthy,healthy_005.JPG
51.779944289693596,4.63694101085902,91.66590957788729,25.275133497271046,129.8243839725734,20.634572254453445,96.6480394257553,129.81337047353762,83.65416755946003,79.32453396185987,0.1851632289623227,0.8866828741220961,0.7339055793991416,0.5767010516276385,0.44792640827361324,Healthy,healthy_006.JPG
53.43374725172638,4.264464737849082,65.36729322144117,14.323133553956056,128.84786176570773,16.052843658257444,103.5224352026755,128.84451738766916,96.00990926826248,58.156690304400335,0.12868481556290476,0.9305286465541102,0.9208333333333333,0.6021681749622926,0.6342835274631103,Healthy,healthy_007.JPG
52.29813503151602,3.9325338773407674,99.56689843394632,25.664847739999043,125.89375527974528,18.820587735333465,89.94905451946195,125.8895314835272,76.9515887971928,84.87841965039964,0.20670574257566549,0.8882295919866052,0.6534653465346535,0.5670192019201921,0.5022511699337815,Healthy,healthy_008.JPG
52.29813503151602,3.9325338773407674,99.56689843394632,25.664847739999043,125.89375527974528,18.820587735333465,89.94905451946195,125.8895314835272,76.9515887971928,84.87841965039964,0.20670574257566549,0.8882295919866052,0.6534653465346535,0.5670192019201921,0.5022511699337815,Healthy,healthy_009.JPG
50.032277428888065,5.869118140755739,64.27304211304026,35.56920035051742,124.04737717029923,39.90962349158051,106.28574067233099,124.04123568526043,96.84798670114517,44.9487439970447,0.12246099803664168,0.9065023374415639,0.7168141592920354,0.5825958702064897,0.5082412867762964,Healthy,healthy_010.JPG
51.779944289693596,4.63694101085902,91.66590957788729,25.275133497271046,129.8243839725734,20.634572254453445,96.6480394257553,129.81337047353762,83.65416755946003,79.32453396185987,0.1851632289623227,0.8866828741220961,0.7339055793991416,0.5767010516276385,0.44792640827361324,Healthy,healthy_011.JPG
53.43374725172638,4.264464737849082,65.36729322144117,14.323133553956056,128.84786176570773,16.052843658257444,103.5224352026755,128.84451738766916,96.00990926826248,58.156690304400335,0.12868481556290476,0.9305286465541102,0.9208333333333333,0.6021681749622926,0.6342835274631103,Healthy,healthy_012.JPG
50.032277428888065,5.869118140755739,64.27304211304026,35.56920035051742,124.04737717029923,39.90962349158051,106.28574067233099,124.04123568526043,96.84798670114517,44.9487439970447,0.12246099803664168,0.9065023374415639,0.7168141592920354,0.5825958702064897,0.5082412867762964,Healthy,healthy_013.JPG
67.22726423515248,28.773302405772196,96.22942312083532,51.399193144808415,135.00521557719054,42.13620816592602,93.44580989350881,133.52175492495797,96.61941855396176,76.97828140244535,0.1971129582449009,0.7191747682910234,0.75,0.6193424479166667,0.08685947916838435,Moderate_Water_Stress,moderate_001.JPG
41.80782067865449,22.912513259833737,89.15316975745105,44.691712006603154,135.42037571963783,52.19856075547659,113.67571561655954,128.74181841334521,97.35002379244942,46.45789741768147,0.1067955246989611,0.9720463815730271,0.75,0.9669694010416666,0.47969336745574437,Moderate_Water_Stress,moderate_002.JPG
36.74237270950854,12.26839699996399,116.18672805368138,36.64632588512294,116.76378442650149,43.58805317999875,102.21263779817866,109.77883161892122,67.41574033108432,49.929285108579435,0.15506156212899547,0.7990474812778884,0.7996768982229402,0.7030694668820678,0.2389754144464172,Moderate_Water_Stress,moderate_003.JPG
43.64724139619131,7.790424540063116,146.15255952089555,53.00216999643677,112.52509913349978,39.627888878278405,83.79553858455313,111.89336988626165,53.93690703480687,86.0542941531633,0.28053906490517483,1.0,1.2505050505050506,0.9963675527488128,0.7756320069481839,Moderate_Water_Stress,moderate_004.JPG
39.39355732662467,10.366519993483315,123.98925893532758,61.981014591619896,146.83180521297052,54.594061412870836,125.74874294493198,144.69917812347475,83.37777166311251,80.27184163890499,0.19086620183094868,0.9960251169372273,0.7996768982229402,0.9924071082390953,0.6577245356987962,Moderate_Water_Stress,moderate_005.JPG
40.80657342657343,3.415047027590176,165.97364635364636,53.37428061304292,136.25362637362636,45.24928056825124,108.27544455544455,136.2526073926074,54.698321678321676,109.53144855144855,0.29752669416623995,1.0,1.510989010989011,0.9908891108891109,0.752586142070437,Moderate_Water_Stress,moderate_007.JPG
39.953711939330304,24.433902462040326,91.67601366940634,42.97295433497939,126.46440203034823,43.08621419987061,109.32436083487706,118.86289465060757,87.0485317425818,41.35289672375628,0.10197543623535746,0.97721734332613,0.7507836990595611,0.9736487326653621,0.39216890918284936,Moderate_Water_Stress,moderate_008.JPG
55.056393047668216,21.226382687006925,70.0186112545173,45.316028071052685,145.88452503871966,50.20637428311971,119.15348477026329,145.27897952159697,111.06281190844949,60.34166236448116,0.13938186788782767,0.7798227917998438,0.7511737089201878,0.75050697704747,0.12807384700773045,Moderate_Water_Stress,moderate_009.JPG
45.55093058128253,27.158678241217054,175.10080366156046,51.74694916283518,142.80634990640283,57.13504602366801,109.81474522948457,131.39045896915704,60.93830133388217,92.02787137494732,0.1984088982241482,0.7279217935648753,0.7920792079207921,0.5577450495049505,0.06259021615627766,Severe_Water_Stress,severe_001.JPG
35.9521435240417,14.389420572013288,144.0794935191429,50.552083388109985,140.60459351280323,56.019121671659335,115.45058310424123,135.99717597155222,59.04522551884319,97.49854332002006,0.20629919953934078,0.912227581164247,0.660625,0.8184812559129612,0.2474270276240318,Severe_Water_Stress,severe_002.JPG
37.68860396177309,14.368489380597044,173.6515782665668,41.7380753212713,138.53360384639132,50.8431961923186,113.08861319231396,132.86630621820376,48.0984518262438,104.54554741784975,0.26830457144085135,0.9273013258562544,0.5302083333333333,0.8186052103798297,0.39710451971621596,Severe_Water_Stress,severe_003.JPG
35.04273144417747,13.050111427103191,118.3621796190232,32.53424695504914,169.89079320833062,51.08287506497362,151.23574038988139,165.03151120370572,92.70442236046888,86.12285965706118,0.1448744644933533,0.8664111965129795,0.9309542280837859,0.7996964701318852,0.41943496411850645,Severe_Water_Stress,severe_004.JPG
51.25987444745113,12.341519781379409,108.9062893927425,59.01742096948829,127.61982116745382,55.97172283464626,96.72770055633057,127.23550767265577,82.34322738961629,75.40008739936468,0.22511608829496293,0.8913824971708789,0.7704654895666132,0.790213683788122,0.23842723170817157,Severe_Water_Stress,severe_005.JPG
33.58009747712906,15.801997845490861,116.93175696305595,41.75767550215655,110.53370650563717,63.92493782507452,103.5521954970542,102.89652271262341,65.22123237326277,37.01961755492983,0.1373086247915051,0.8073069349849751,0.7502930832356389,0.8051005641852286,0.17510826792268944,Severe_Water_Stress,severe_006.JPG
30.726391451939946,13.467625262825663,146.79448203585994,53.26123092117577,94.42196477798282,40.070877321871635,84.50629940992869,85.83450436288247,46.094864784817624,41.067844531018615,0.1715708489902489,0.9974341086861861,1.4545454545454546,0.9943488636363637,0.6770510949017667,Severe_Water_Stress,severe_007.JPG
39.60225906966392,21.2445154916629,102.23578900511907,51.06866121482572,126.49140329401291,76.42815094183693,117.03759180948141,120.42446027153349,83.35302136657022,40.45830736701536,0.13304476988592265,0.8935587689135146,1.4482758620689655,0.7478175999463825,0.3650155474578192,Severe_Water_Stress,severe_008.JPG
46.52839336042404,16.351840218007894,103.33473906167633,55.36210449268805,135.66781781428614,54.10012377121377,109.40863526745504,133.96354791444426,87.33705519282414,71.18140536860936,0.19232660983517205,0.8305589587189045,0.7449139280125195,0.7856633263634092,0.18223060174073644,Severe_Water_Stress,severe_009.JPG
52.65248542786173,19.921618025276114,117.89572715547243,61.581600987056696,121.1241971716692,62.35324697301301,89.80885840862683,118.76740987045889,80.11969110695472,67.60627022533622,0.24375337617730827,0.9857227335247859,0.75,0.9821321614583334,0.44754640107184646,Severe_Water_Stress,severe_010.JPG
40.89949137549757,20.761575650155052,98.47835765885301,51.87298221409314,130.91472062509214,58.91223606627911,117.64474421347487,126.46822939702197,86.35374097007224,48.93797361049683,0.1352868001632167,0.8930409191107667,0.7511737089201878,0.879008541992697,0.2654351696846717,Severe_Water_Stress,severe_011.JPG
33.15892247481056,15.638481217826167,98.72862020151553,47.231091974103904,127.58481139145641,47.122605164913544,117.09705221084187,121.94907985677409,84.08364559913399,42.71746190357232,0.09729349468736659,0.8010867158357322,0.8883928571428571,0.52753723977028,0.24296880208181415,Disease_Confounded,IMG_4207.JPG
37.07115708443589,11.827705776853403,109.43141688717826,35.659915365256225,117.3686312244407,28.901258280858695,101.54019725763771,112.91137839788308,69.80264613904258,54.47991339908588,0.14899099317381848,0.9554045247183689,0.8864864864864865,0.6764667106130521,0.7316339872615851,Disease_Confounded,IMG_4209(1).JPG
37.07115708443589,11.827705776853403,109.43141688717826,35.659915365256225,117.3686312244407,28.901258280858695,101.54019725763771,112.91137839788308,69.80264613904258,54.47991339908588,0.14899099317381848,0.9554045247183689,0.8864864864864865,0.6764667106130521,0.7316339872615851,Disease_Confounded,IMG_4209.JPG
44.59197924980048,5.800313908779262,113.20823357275872,28.322867518435682,129.44772545889865,21.87425963055335,101.6669992019154,129.3445065176909,72.09563713753658,84.92637669592978,0.2017719578769137,0.9383220817089791,0.7068965517241379,0.6916409681338193,0.6854958441199283,Disease_Confounded,IMG_4211(1).JPG
44.59197924980048,5.800313908779262,113.20823357275872,28.322867518435682,129.44772545889865,21.87425963055335,101.6669992019154,129.3445065176909,72.09563713753658,84.92637669592978,0.2017719578769137,0.9383220817089791,0.7068965517241379,0.6916409681338193,0.6854958441199283,Disease_Confounded,IMG_4211.JPG
46.066036319975986,9.73747357985256,97.21206663665016,28.293511447165194,124.23457901846015,20.171575144078567,96.27555155335435,123.61819000450248,77.34939216569113,73.61143628995947,0.18056778753693734,0.868588669125042,0.4805194805194805,0.5684011934011934,0.4745734920360539,Disease_Confounded,IMG_4212(1).JPG
46.066036319975986,9.73747357985256,97.21206663665016,28.293511447165194,124.23457901846015,20.171575144078567,96.27555155335435,123.61819000450248,77.34939216569113,73.61143628995947,0.18056778753693734,0.868588669125042,0.4805194805194805,0.5684011934011934,0.4745734920360539,Disease_Confounded,IMG_4212.JPG
33.16942853395129,11.643849252435668,111.0849110226925,48.3702016423907,94.90188448253247,40.42537896458129,85.79909055135325,90.37318000961916,58.84578724148485,36.10148222640024,0.13412549926458203,0.7332210374828285,0.9765625,0.3502734375,0.278547950699538,Disease_Confounded,IMG_4213(1).JPG
33.16942853395129,11.643849252435668,111.0849110226925,48.3702016423907,94.90188448253247,40.42537896458129,85.79909055135325,90.37318000961916,58.84578724148485,36.10148222640024,0.13412549926458203,0.7332210374828285,0.9765625,0.3502734375,0.278547950699538,Disease_Confounded,IMG_4213.JPG
48.691158552736134,6.218664965112753,106.64422312867511,34.89812370481931,138.69062880754356,31.15150794291422,104.38035704825978,138.6730412671505,81.96583143507972,90.99989405096149,0.20853748829838084,0.6550953833061485,0.70042194092827,0.46959991866198975,0.3067783284753295,Disease_Confounded,IMG_4214(1).JPG
48.691158552736134,6.218664965112753,106.64422312867511,34.89812370481931,138.69062880754356,31.15150794291422,104.38035704825978,138.6730412671505,81.96583143507972,90.99989405096149,0.20853748829838084,0.6550953833061485,0.70042194092827,0.46959991866198975,0.3067783284753295,Disease_Confounded,IMG_4214.JPG
42.729761354888375,5.001716058556644,147.13336412625097,48.63502237150512,125.14247882986913,28.811198613142047,93.39528868360277,125.10284834488068,52.60323325635104,104.20717474980755,0.2740287067356315,0.8088441652023312,1.0121457489878543,0.5180728744939271,0.3530639733234412,Disease_Confounded,IMG_4215(1).JPG
42.729761354888375,5.001716058556644,147.13336412625097,48.63502237150512,125.14247882986913,28.811198613142047,93.39528868360277,125.10284834488068,52.60323325635104,104.20717474980755,0.2740287067356315,0.8088441652023312,1.0121457489878543,0.5180728744939271,0.3530639733234412,Disease_Confounded,IMG_4215.JPG
34.54314401096662,5.599238281605273,149.75050942906896,63.921593656753494,135.33633433366677,43.05021127110087,122.73050276017932,135.20762476381014,49.105738950020374,98.57900781742062,0.21058644863593445,0.9044064000542953,0.8810572687224669,0.5870374449339207,0.5781823085934257,Disease_Confounded,IMG_4216(1).JPG
34.54314401096662,5.599238281605273,149.75050942906896,63.921593656753494,135.33633433366677,43.05021127110087,122.73050276017932,135.20762476381014,49.105738950020374,98.57900781742062,0.21058644863593445,0.9044064000542953,0.8810572687224669,0.5870374449339207,0.5781823085934257,Disease_Confounded,IMG_4216.JPG
41.28274610615454,4.706802290452423,189.3137154090428,61.4944459140169,113.28882504158476,31.09610071758651,80.56951459246937,113.27751398760019,25.975865719038257,120.00964766369273,0.3624222797188809,0.9350992809457779,0.9107142857142857,0.7157409838935574,0.666963875626236,Disease_Confounded,IMG_4217(1).JPG
41.28274610615454,4.706802290452423,189.3137154090428,61.4944459140169,113.28882504158476,31.09610071758651,80.56951459246937,113.27751398760019,25.975865719038257,120.00964766369273,0.3624222797188809,0.9350992809457779,0.9107142857142857,0.7157409838935574,0.666963875626236,Disease_Confounded,IMG_4217.JPG
44.312066814527306,7.104815580546266,154.02113945106737,63.30505712271266,122.90372886054894,37.05002863057875,88.24691571943443,122.87808428056557,48.313660937066814,109.1955919046299,0.3056105024859964,0.7331701821854485,0.952191235059761,0.4719365216956442,0.2580555257761915,Disease_Confounded,IMG_4218(1).JPG
44.312066814527306,7.104815580546266,154.02113945106737,63.30505712271266,122.90372886054894,37.05002863057875,88.24691571943443,122.87808428056557,48.313660937066814,109.1955919046299,0.3056105024859964,0.7331701821854485,0.952191235059761,0.4719365216956442,0.2580555257761915,Disease_Confounded,IMG_4218.JPG
44.6245853133686,6.601461093253814,151.5618518186437,48.824770118272596,134.95412295645417,34.220862251181316,96.7028004423324,134.90352371559223,55.24534504916465,117.85890193968739,0.2945817386132965,0.8656927797739253,0.9563492063492064,0.5435026015938879,0.43157888539778044,Disease_Confounded,IMG_4219(1).JPG
44.6245853133686,6.601461093253814,151.5618518186437,48.824770118272596,134.95412295645417,34.220862251181316,96.7028004423324,134.90352371559223,55.24534504916465,117.85890193968739,0.2945817386132965,0.8656927797739253,0.9563492063492064,0.5435026015938879,0.43157888539778044,Disease_Confounded,IMG_4219.JPG
38.05362557679631,5.640071550299994,178.6772907053395,61.37226589863289,143.06479894528675,36.32962539200008,114.59110085695451,142.9154581410679,39.749077125906396,131.49073829927488,0.30697411362165616,0.8943461050115766,1.0044247787610618,0.5835250087715879,0.4824354624803694,Disease_Confounded,IMG_4221(1).JPG
38.05362557679631,5.640071550299994,178.6772907053395,61.37226589863289,143.06479894528675,36.32962539200008,114.59110085695451,142.9154581410679,39.749077125906396,131.49073829927488,0.30697411362165616,0.8943461050115766,1.0044247787610618,0.5835250087715879,0.4824354624803694,Disease_Confounded,IMG_4221.JPG
